{"Alternative":{"danceability":0.5307340037,"energy":0.7567251927,"loudness":0.9017371801,"mode":0.6178861789,"speechiness":0.0590649268,"acousticness":0.0925375858,"instrumentalness":0.0994946381,"liveness":0.170247189,"valence":0.4740535241,"tempo":0.4499939272,"duration_ms":0.0790454974,"time_signature":0.7520325203,"key_0":0.1300813008,"key_1":0.0975609756,"key_2":0.1219512195,"key_3":0.0325203252,"key_4":0.0487804878,"key_5":0.0894308943,"key_6":0.0894308943,"key_7":0.081300813,"key_8":0.081300813,"key_9":0.1300813008,"key_10":0.0081300813,"key_11":0.0894308943,"danceability_original":0.5480406504,"energy_original":0.7524227642,"loudness_original":-5.8548536585,"speechiness_original":0.0651723577,"acousticness_original":0.0921696675,"instrumentalness_original":0.0977037355,"liveness_original":0.184603252,"valence_original":0.4706138211,"tempo_original":123.3191463415,"duration_ms_original":236849.3089430894,"time_signature_original":4.0081300813},"Christian":{"danceability":0.4739184524,"energy":0.6920608782,"loudness":0.8961093689,"mode":0.8870967742,"speechiness":0.0343385741,"acousticness":0.1372510107,"instrumentalness":0.0017768015,"liveness":0.227181066,"valence":0.3708063667,"tempo":0.4716369245,"duration_ms":0.0896190153,"time_signature":0.7298387097,"key_0":0.1774193548,"key_1":0.0483870968,"key_2":0.1290322581,"key_3":0.0483870968,"key_4":0.0161290323,"key_5":0.0806451613,"key_6":0.0806451613,"key_7":0.064516129,"key_8":0.0483870968,"key_9":0.1451612903,"key_10":0.0161290323,"key_11":0.1451612903,"danceability_original":0.4957419355,"energy_original":0.6882096774,"loudness_original":-6.1225967742,"speechiness_original":0.0475177419,"acousticness_original":0.136704129,"instrumentalness_original":0.001744821,"liveness_original":0.2392483871,"valence_original":0.3725806452,"tempo_original":126.7179193548,"duration_ms_original":255529.2258064516,"time_signature_original":3.9193548387},"Classical":{"danceability":0.1906637697,"energy":0.0965421507,"loudness":0.5197313715,"mode":0.64,"speechiness":0.0330056022,"acousticness":0.917650399,"instrumentalness":0.5042673308,"liveness":0.1071150239,"valence":0.124102159,"tempo":0.3149361301,"duration_ms":0.2000746489,"time_signature":0.68,"key_0":0.11,"key_1":0.08,"key_2":0.1,"key_3":0.06,"key_4":0.08,"key_5":0.06,"key_6":0.05,"key_7":0.15,"key_8":0.07,"key_9":0.16,"key_10":0.05,"key_11":0.03,"danceability_original":0.235006,"energy_original":0.09684648,"loudness_original":-24.02878,"speechiness_original":0.046566,"acousticness_original":0.91398,"instrumentalness_original":0.495190519,"liveness_original":0.124009,"valence_original":0.138335,"tempo_original":102.10994,"duration_ms_original":450667.88,"time_signature_original":3.72},"Country":{"danceability":0.5263733478,"energy":0.7383072412,"loudness":0.9107127693,"mode":0.9333333333,"speechiness":0.0324164332,"acousticness":0.1892164312,"instrumentalness":0.0007427664,"liveness":0.1403222893,"valence":0.559376514,"tempo":0.4952532083,"duration_ms":0.0676801138,"time_signature":0.73,"key_0":0.16,"key_1":0.08,"key_2":0.1333333333,"key_3":0.0266666667,"key_4":0.0533333333,"key_5":0.0666666667,"key_6":0.0266666667,"key_7":0.1333333333,"key_8":0.0533333333,"key_9":0.0666666667,"key_10":0.04,"key_11":0.16,"danceability_original":0.5440266667,"energy_original":0.7341333333,"loudness_original":-5.42784,"speechiness_original":0.0461453333,"acousticness_original":0.18846156,"instrumentalness_original":0.0007293961,"liveness_original":0.1558813333,"valence_original":0.551628,"tempo_original":130.4265733333,"duration_ms_original":216770.4266666667,"time_signature_original":3.92},"Dance\/Electronic":{"danceability":0.601907176,"energy":0.7442431062,"loudness":0.8997284989,"mode":0.4722222222,"speechiness":0.0670226424,"acousticness":0.1094938006,"instrumentalness":0.1340537697,"liveness":0.2025060198,"valence":0.3732988123,"tempo":0.4728848361,"duration_ms":0.0738380839,"time_signature":0.7395833333,"key_0":0.1111111111,"key_1":0.1388888889,"key_2":0.1111111111,"key_3":0.0277777778,"key_4":0.0,"key_5":0.0833333333,"key_6":0.0833333333,"key_7":0.1111111111,"key_8":0.125,"key_9":0.1111111111,"key_10":0.0277777778,"key_11":0.0694444444,"danceability_original":0.6135555556,"energy_original":0.7400277778,"loudness_original":-5.9504166667,"speechiness_original":0.0708541667,"acousticness_original":0.1090580153,"instrumentalness_original":0.1316408006,"liveness_original":0.2155652778,"valence_original":0.3749472222,"tempo_original":126.9138888889,"duration_ms_original":227649.5277777777,"time_signature_original":3.9583333333},"Folk":{"danceability":0.5331039894,"energy":0.5098827395,"loudness":0.8250989666,"mode":0.6944444444,"speechiness":0.0279774873,"acousticness":0.4528091312,"instrumentalness":0.1400249932,"liveness":0.134539989,"valence":0.4194293293,"tempo":0.3852379679,"duration_ms":0.0823176748,"time_signature":0.7199074074,"key_0":0.1018518519,"key_1":0.0740740741,"key_2":0.1388888889,"key_3":0.0185185185,"key_4":0.0833333333,"key_5":0.0833333333,"key_6":0.0462962963,"key_7":0.1851851852,"key_8":0.0833333333,"key_9":0.1018518519,"key_10":0.0555555556,"key_11":0.0277777778,"danceability_original":0.5502222222,"energy_original":0.5073027778,"loudness_original":-9.5009166667,"speechiness_original":0.0429759259,"acousticness_original":0.4509992407,"instrumentalness_original":0.1375045449,"liveness_original":0.1503314815,"valence_original":0.4187481481,"tempo_original":113.15,"duration_ms_original":242630.1666666666,"time_signature_original":3.8796296296},"HipHop":{"danceability":0.7023356871,"energy":0.683491403,"loudness":0.894038886,"mode":0.5,"speechiness":0.2165070029,"acousticness":0.1682486886,"instrumentalness":0.0026363044,"liveness":0.1777370285,"valence":0.4986835176,"tempo":0.3939186694,"duration_ms":0.0832345259,"time_signature":0.745,"key_0":0.02,"key_1":0.14,"key_2":0.14,"key_3":0.06,"key_4":0.08,"key_5":0.12,"key_6":0.08,"key_7":0.1,"key_8":0.02,"key_9":0.02,"key_10":0.14,"key_11":0.08,"danceability_original":0.706,"energy_original":0.6797,"loudness_original":-6.2211,"speechiness_original":0.177586,"acousticness_original":0.16757774,"instrumentalness_original":0.0025888528,"liveness_original":0.191792,"valence_original":0.494,"tempo_original":114.5132,"duration_ms_original":244249.94,"time_signature_original":3.98},"R&B":{"danceability":0.6425391255,"energy":0.5899506414,"loudness":0.873178023,"mode":0.5299145299,"speechiness":0.1243194714,"acousticness":0.219054974,"instrumentalness":0.0046825328,"liveness":0.1593841666,"valence":0.5169018332,"tempo":0.4150329775,"duration_ms":0.0827523741,"time_signature":0.7264957265,"key_0":0.0598290598,"key_1":0.1452991453,"key_2":0.094017094,"key_3":0.0170940171,"key_4":0.0598290598,"key_5":0.0854700855,"key_6":0.1111111111,"key_7":0.1025641026,"key_8":0.1367521368,"key_9":0.0341880342,"key_10":0.0683760684,"key_11":0.0854700855,"danceability_original":0.650957265,"energy_original":0.5868119658,"loudness_original":-7.2135555556,"speechiness_original":0.1117641026,"acousticness_original":0.2181806752,"instrumentalness_original":0.0045982488,"liveness_original":0.1741769231,"valence_original":0.5112982906,"tempo_original":117.8289487179,"duration_ms_original":243398.1367521368,"time_signature_original":3.905982906},"Rap":{"danceability":0.7566654884,"energy":0.613424167,"loudness":0.8831529165,"mode":0.5238095238,"speechiness":0.26605457,"acousticness":0.1528656273,"instrumentalness":0.0062552608,"liveness":0.1721368318,"valence":0.413235036,"tempo":0.4580215849,"duration_ms":0.0689841885,"time_signature":0.7566137566,"key_0":0.0740740741,"key_1":0.2063492063,"key_2":0.1111111111,"key_3":0.0105820106,"key_4":0.0423280423,"key_5":0.0529100529,"key_6":0.0582010582,"key_7":0.0634920635,"key_8":0.1216931217,"key_9":0.0740740741,"key_10":0.0952380952,"key_11":0.0899470899,"danceability_original":0.756010582,"energy_original":0.6101216931,"loudness_original":-6.739,"speechiness_original":0.212962963,